'Name';'Constraint template';'Implying activity';'Implied activity';'Support';'Confidence level';'Interest factor'
'AtMostOne()';'AtMostOne';'';'';0.000;0.000;0.000
'End()';'End';'';'';30.216;30.216;30.216
'Init()';'Init';'';'';68.745;68.745;68.745
'Participation()';'Participation';'';'';100.000;100.000;100.000
'CoExistence(, Bye)';'CoExistence';'';'Bye';33.224;9.291;9.291
'Succession(, Bye)';'Succession';'';'Bye';32.946;9.213;9.213
'AlternateSuccession(, Bye)';'AlternateSuccession';'';'Bye';2.566;0.718;0.718
'ChainSuccession(, Bye)';'ChainSuccession';'';'Bye';1.260;0.352;0.352
'RespondedExistence(, Bye)';'RespondedExistence';'';'Bye';28.767;28.767;8.045
'Response(, Bye)';'Response';'';'Bye';28.473;28.473;7.963
'AlternateResponse(, Bye)';'AlternateResponse';'';'Bye';1.369;1.369;0.383
'ChainResponse(, Bye)';'ChainResponse';'';'Bye';0.672;0.672;0.188
'NotChainSuccession(, Bye)';'NotChainSuccession';'';'Bye';98.740;27.613;27.613
'NotSuccession(, Bye)';'NotSuccession';'';'Bye';67.054;18.752;18.752
'NotCoExistence(, Bye)';'NotCoExistence';'';'Bye';66.776;18.674;18.674
'CoExistence(, Feedback)';'CoExistence';'';'Feedback';100.000;100.000;100.000
'Succession(, Feedback)';'Succession';'';'Feedback';98.142;98.142;98.142
'AlternateSuccession(, Feedback)';'AlternateSuccession';'';'Feedback';41.466;41.466;41.466
'ChainSuccession(, Feedback)';'ChainSuccession';'';'Feedback';14.121;14.121;14.121
'RespondedExistence(, Feedback)';'RespondedExistence';'';'Feedback';100.000;100.000;100.000
'Response(, Feedback)';'Response';'';'Feedback';96.499;96.499;96.499
'AlternateResponse(, Feedback)';'AlternateResponse';'';'Feedback';53.301;53.301;53.301
'ChainResponse(, Feedback)';'ChainResponse';'';'Feedback';18.151;18.151;18.151
'NotChainSuccession(, Feedback)';'NotChainSuccession';'';'Feedback';85.879;85.879;85.879
'NotSuccession(, Feedback)';'NotSuccession';'';'Feedback';1.858;1.858;1.858
'NotCoExistence(, Feedback)';'NotCoExistence';'';'Feedback';0.000;0.000;0.000
'CoExistence(, Query)';'CoExistence';'';'Query';96.588;90.233;90.233
'Succession(, Query)';'Succession';'';'Query';74.802;69.880;69.880
'AlternateSuccession(, Query)';'AlternateSuccession';'';'Query';23.867;22.296;22.296
'ChainSuccession(, Query)';'ChainSuccession';'';'Query';8.243;7.701;7.701
'RespondedExistence(, Query)';'RespondedExistence';'';'Query';95.986;95.986;89.670
'Response(, Query)';'Response';'';'Query';71.122;71.122;66.442
'AlternateResponse(, Query)';'AlternateResponse';'';'Query';14.042;14.042;13.118
'ChainResponse(, Query)';'ChainResponse';'';'Query';4.850;4.850;4.531
'NotChainSuccession(, Query)';'NotChainSuccession';'';'Query';91.757;85.719;85.719
'NotSuccession(, Query)';'NotSuccession';'';'Query';25.198;23.540;23.540
'NotCoExistence(, Query)';'NotCoExistence';'';'Query';3.412;3.187;3.187
'CoExistence(, Response)';'CoExistence';'';'Response';92.639;80.207;80.207
'Succession(, Response)';'Succession';'';'Response';72.264;62.566;62.566
'AlternateSuccession(, Response)';'AlternateSuccession';'';'Response';18.809;16.285;16.285
'ChainSuccession(, Response)';'ChainSuccession';'';'Response';10.714;9.276;9.276
'RespondedExistence(, Response)';'RespondedExistence';'';'Response';91.527;91.527;79.244
'Response(, Response)';'Response';'';'Response';68.354;68.354;59.181
'AlternateResponse(, Response)';'AlternateResponse';'';'Response';10.825;10.825;9.372
'ChainResponse(, Response)';'ChainResponse';'';'Response';6.166;6.166;5.339
'NotChainSuccession(, Response)';'NotChainSuccession';'';'Response';89.286;77.304;77.304
'NotSuccession(, Response)';'NotSuccession';'';'Response';27.736;24.014;24.014
'NotCoExistence(, Response)';'NotCoExistence';'';'Response';7.361;6.374;6.374
'CoExistence(, Statement)';'CoExistence';'';'Statement';100.000;100.000;100.000
'Succession(, Statement)';'Succession';'';'Statement';98.529;98.529;98.529
'AlternateSuccession(, Statement)';'AlternateSuccession';'';'Statement';30.511;30.511;30.511
'ChainSuccession(, Statement)';'ChainSuccession';'';'Statement';21.651;21.651;21.651
'RespondedExistence(, Statement)';'RespondedExistence';'';'Statement';100.000;100.000;100.000
'Response(, Statement)';'Response';'';'Statement';97.357;97.357;97.357
'AlternateResponse(, Statement)';'AlternateResponse';'';'Statement';63.878;63.878;63.878
'ChainResponse(, Statement)';'ChainResponse';'';'Statement';45.330;45.330;45.330
'NotChainSuccession(, Statement)';'NotChainSuccession';'';'Statement';78.349;78.349;78.349
'NotSuccession(, Statement)';'NotSuccession';'';'Statement';1.471;1.471;1.471
'NotCoExistence(, Statement)';'NotCoExistence';'';'Statement';0.000;0.000;0.000
'Precedence(Bye, )';'Precedence';'';'Bye';1.219;0.341;0.341
'AlternatePrecedence(Bye, )';'AlternatePrecedence';'';'Bye';0.716;0.200;0.200
'ChainPrecedence(Bye, )';'ChainPrecedence';'';'Bye';0.661;0.185;0.185
'Precedence(Feedback, )';'Precedence';'';'Feedback';93.204;93.204;93.204
'AlternatePrecedence(Feedback, )';'AlternatePrecedence';'';'Feedback';52.282;52.282;52.282
'ChainPrecedence(Feedback, )';'ChainPrecedence';'';'Feedback';21.993;21.993;21.993
'Precedence(Query, )';'Precedence';'';'Query';84.134;78.598;78.598
'AlternatePrecedence(Query, )';'AlternatePrecedence';'';'Query';14.531;13.575;13.575
'ChainPrecedence(Query, )';'ChainPrecedence';'';'Query';7.199;6.725;6.725
'Precedence(Response, )';'Precedence';'';'Response';71.602;61.993;61.993
'AlternatePrecedence(Response, )';'AlternatePrecedence';'';'Response';10.763;9.319;9.319
'ChainPrecedence(Response, )';'ChainPrecedence';'';'Response';3.487;3.019;3.019
'Precedence(Statement, )';'Precedence';'';'Statement';94.400;94.400;94.400
'AlternatePrecedence(Statement, )';'AlternatePrecedence';'';'Statement';62.804;62.804;62.804
'ChainPrecedence(Statement, )';'ChainPrecedence';'';'Statement';40.594;40.594;40.594
'AtMostOne(Bye)';'AtMostOne';'Bye';'';72.900;20.387;5.701
'End(Bye)';'End';'Bye';'';20.087;5.617;1.571
'Init(Bye)';'Init';'Bye';'';0.087;0.024;0.007
'Participation(Bye)';'Participation';'Bye';'';27.965;7.821;2.187
'Precedence(, Bye)';'Precedence';'Bye';'';99.958;99.958;27.954
'AlternatePrecedence(, Bye)';'AlternatePrecedence';'Bye';'';20.507;20.507;5.735
'ChainPrecedence(, Bye)';'ChainPrecedence';'Bye';'';10.067;10.067;2.815
'CoExistence(Bye, )';'CoExistence';'Bye';'';33.224;9.291;9.291
'Succession(Bye, )';'Succession';'Bye';'';3.862;1.080;1.080
'AlternateSuccession(Bye, )';'AlternateSuccession';'Bye';'';1.343;0.376;0.376
'ChainSuccession(Bye, )';'ChainSuccession';'Bye';'';1.239;0.346;0.346
'RespondedExistence(Bye, )';'RespondedExistence';'Bye';'';100.000;27.965;27.965
'Response(Bye, )';'Response';'Bye';'';43.469;12.156;12.156
'AlternateResponse(Bye, )';'AlternateResponse';'Bye';'';10.732;3.001;3.001
'ChainResponse(Bye, )';'ChainResponse';'Bye';'';9.900;2.769;2.769
'NotChainSuccession(Bye, )';'NotChainSuccession';'Bye';'';98.761;27.619;27.619
'NotSuccession(Bye, )';'NotSuccession';'Bye';'';96.138;26.885;26.885
'NotCoExistence(Bye, )';'NotCoExistence';'Bye';'';66.776;18.674;18.674
'CoExistence(Bye, Feedback)';'CoExistence';'Bye';'Feedback';34.030;9.517;9.517
'Succession(Bye, Feedback)';'Succession';'Bye';'Feedback';0.668;0.187;0.187
'AlternateSuccession(Bye, Feedback)';'AlternateSuccession';'Bye';'Feedback';0.153;0.043;0.043
'ChainSuccession(Bye, Feedback)';'ChainSuccession';'Bye';'Feedback';0.051;0.014;0.014
'RespondedExistence(Bye, Feedback)';'RespondedExistence';'Bye';'Feedback';100.000;27.965;27.965
'Response(Bye, Feedback)';'Response';'Bye';'Feedback';7.238;2.024;2.024
'AlternateResponse(Bye, Feedback)';'AlternateResponse';'Bye';'Feedback';1.872;0.523;0.523
'ChainResponse(Bye, Feedback)';'ChainResponse';'Bye';'Feedback';0.624;0.174;0.174
'NotChainSuccession(Bye, Feedback)';'NotChainSuccession';'Bye';'Feedback';99.949;27.951;27.951
'NotSuccession(Bye, Feedback)';'NotSuccession';'Bye';'Feedback';99.332;27.779;27.779
'NotCoExistence(Bye, Feedback)';'NotCoExistence';'Bye';'Feedback';65.970;18.449;18.449
'CoExistence(Bye, Query)';'CoExistence';'Bye';'Query';44.760;12.517;11.694
'Succession(Bye, Query)';'Succession';'Bye';'Query';1.095;0.306;0.286
'AlternateSuccession(Bye, Query)';'AlternateSuccession';'Bye';'Query';0.456;0.128;0.119
'ChainSuccession(Bye, Query)';'ChainSuccession';'Bye';'Query';0.205;0.057;0.054
'RespondedExistence(Bye, Query)';'RespondedExistence';'Bye';'Query';94.260;26.360;24.626
'Response(Bye, Query)';'Response';'Bye';'Query';2.413;0.675;0.630
'AlternateResponse(Bye, Query)';'AlternateResponse';'Bye';'Query';0.832;0.233;0.217
'ChainResponse(Bye, Query)';'ChainResponse';'Bye';'Query';0.374;0.105;0.098
'NotChainSuccession(Bye, Query)';'NotChainSuccession';'Bye';'Query';99.795;27.908;26.072
'NotSuccession(Bye, Query)';'NotSuccession';'Bye';'Query';98.905;27.659;25.839
'NotCoExistence(Bye, Query)';'NotCoExistence';'Bye';'Query';55.240;15.448;14.432
'CoExistence(Bye, Response)';'CoExistence';'Bye';'Response';45.965;12.854;11.129
'Succession(Bye, Response)';'Succession';'Bye';'Response';0.931;0.260;0.225
'AlternateSuccession(Bye, Response)';'AlternateSuccession';'Bye';'Response';0.357;0.100;0.086
'ChainSuccession(Bye, Response)';'ChainSuccession';'Bye';'Response';0.000;0.000;0.000
'RespondedExistence(Bye, Response)';'RespondedExistence';'Bye';'Response';89.143;24.929;21.584
'Response(Bye, Response)';'Response';'Bye';'Response';1.622;0.454;0.393
'AlternateResponse(Bye, Response)';'AlternateResponse';'Bye';'Response';0.582;0.163;0.141
'ChainResponse(Bye, Response)';'ChainResponse';'Bye';'Response';0.000;0.000;0.000
'NotChainSuccession(Bye, Response)';'NotChainSuccession';'Bye';'Response';100.000;27.965;24.212
'NotSuccession(Bye, Response)';'NotSuccession';'Bye';'Response';99.069;27.705;23.987
'NotCoExistence(Bye, Response)';'NotCoExistence';'Bye';'Response';54.035;15.111;13.083
'CoExistence(Bye, Statement)';'CoExistence';'Bye';'Statement';29.956;8.377;8.377
'Succession(Bye, Statement)';'Succession';'Bye';'Statement';0.602;0.168;0.168
'AlternateSuccession(Bye, Statement)';'AlternateSuccession';'Bye';'Statement';0.167;0.047;0.047
'ChainSuccession(Bye, Statement)';'ChainSuccession';'Bye';'Statement';0.119;0.033;0.033
'RespondedExistence(Bye, Statement)';'RespondedExistence';'Bye';'Statement';100.000;27.965;27.965
'Response(Bye, Statement)';'Response';'Bye';'Statement';14.226;3.978;3.978
'AlternateResponse(Bye, Statement)';'AlternateResponse';'Bye';'Statement';4.077;1.140;1.140
'ChainResponse(Bye, Statement)';'ChainResponse';'Bye';'Statement';2.912;0.814;0.814
'NotChainSuccession(Bye, Statement)';'NotChainSuccession';'Bye';'Statement';99.881;27.932;27.932
'NotSuccession(Bye, Statement)';'NotSuccession';'Bye';'Statement';99.398;27.797;27.797
'NotCoExistence(Bye, Statement)';'NotCoExistence';'Bye';'Statement';70.044;19.588;19.588
'Precedence(Feedback, Bye)';'Precedence';'Bye';'Feedback';99.958;99.958;27.954
'AlternatePrecedence(Feedback, Bye)';'AlternatePrecedence';'Bye';'Feedback';14.933;14.933;4.176
'ChainPrecedence(Feedback, Bye)';'ChainPrecedence';'Bye';'Feedback';7.363;7.363;2.059
'Precedence(Query, Bye)';'Precedence';'Bye';'Query';94.135;87.941;24.593
'AlternatePrecedence(Query, Bye)';'AlternatePrecedence';'Bye';'Query';13.103;12.241;3.423
'ChainPrecedence(Query, Bye)';'ChainPrecedence';'Bye';'Query';0.042;0.039;0.011
'Precedence(Response, Bye)';'Precedence';'Bye';'Response';89.018;77.072;21.554
'AlternatePrecedence(Response, Bye)';'AlternatePrecedence';'Bye';'Response';12.271;10.624;2.971
'ChainPrecedence(Response, Bye)';'ChainPrecedence';'Bye';'Response';0.374;0.324;0.091
'Precedence(Statement, Bye)';'Precedence';'Bye';'Statement';99.958;99.958;27.954
'AlternatePrecedence(Statement, Bye)';'AlternatePrecedence';'Bye';'Statement';17.346;17.346;4.851
'ChainPrecedence(Statement, Bye)';'ChainPrecedence';'Bye';'Statement';5.574;5.574;1.559
'AtMostOne(Feedback)';'AtMostOne';'Feedback';'';0.000;0.000;0.000
'End(Feedback)';'End';'Feedback';'';7.532;7.532;7.532
'Init(Feedback)';'Init';'Feedback';'';1.732;1.732;1.732
'Participation(Feedback)';'Participation';'Feedback';'';100.000;100.000;100.000
'Precedence(, Feedback)';'Precedence';'Feedback';'';99.187;99.187;99.187
'AlternatePrecedence(, Feedback)';'AlternatePrecedence';'Feedback';'';33.931;33.931;33.931
'ChainPrecedence(, Feedback)';'ChainPrecedence';'Feedback';'';11.555;11.555;11.555
'Precedence(Bye, Feedback)';'Precedence';'Feedback';'Bye';0.389;0.109;0.109
'AlternatePrecedence(Bye, Feedback)';'AlternatePrecedence';'Feedback';'Bye';0.080;0.022;0.022
'ChainPrecedence(Bye, Feedback)';'ChainPrecedence';'Feedback';'Bye';0.027;0.007;0.007
'CoExistence(Feedback, )';'CoExistence';'Feedback';'';100.000;100.000;100.000
'Succession(Feedback, )';'Succession';'Feedback';'';95.445;95.445;95.445
'AlternateSuccession(Feedback, )';'AlternateSuccession';'Feedback';'';40.673;40.673;40.673
'ChainSuccession(Feedback, )';'ChainSuccession';'Feedback';'';17.110;17.110;17.110
'RespondedExistence(Feedback, )';'RespondedExistence';'Feedback';'';100.000;100.000;100.000
'Response(Feedback, )';'Response';'Feedback';'';96.872;96.872;96.872
'AlternateResponse(Feedback, )';'AlternateResponse';'Feedback';'';33.283;33.283;33.283
'ChainResponse(Feedback, )';'ChainResponse';'Feedback';'';14.001;14.001;14.001
'NotChainSuccession(Feedback, )';'NotChainSuccession';'Feedback';'';82.890;82.890;82.890
'NotSuccession(Feedback, )';'NotSuccession';'Feedback';'';4.555;4.555;4.555
'NotCoExistence(Feedback, )';'NotCoExistence';'Feedback';'';0.000;0.000;0.000
'CoExistence(Feedback, Bye)';'CoExistence';'Feedback';'Bye';34.030;9.517;9.517
'Succession(Feedback, Bye)';'Succession';'Feedback';'Bye';33.979;9.502;9.502
'AlternateSuccession(Feedback, Bye)';'AlternateSuccession';'Feedback';'Bye';1.217;0.340;0.340
'ChainSuccession(Feedback, Bye)';'ChainSuccession';'Feedback';'Bye';0.600;0.168;0.168
'RespondedExistence(Feedback, Bye)';'RespondedExistence';'Feedback';'Bye';31.227;31.227;8.733
'Response(Feedback, Bye)';'Response';'Feedback';'Bye';31.176;31.176;8.718
'AlternateResponse(Feedback, Bye)';'AlternateResponse';'Feedback';'Bye';0.634;0.634;0.177
'ChainResponse(Feedback, Bye)';'ChainResponse';'Feedback';'Bye';0.313;0.313;0.087
'NotChainSuccession(Feedback, Bye)';'NotChainSuccession';'Feedback';'Bye';99.400;27.798;27.798
'NotSuccession(Feedback, Bye)';'NotSuccession';'Feedback';'Bye';66.021;18.463;18.463
'NotCoExistence(Feedback, Bye)';'NotCoExistence';'Feedback';'Bye';65.970;18.449;18.449
'CoExistence(Feedback, Query)';'CoExistence';'Feedback';'Query';95.004;88.752;88.752
'Succession(Feedback, Query)';'Succession';'Feedback';'Query';69.582;65.004;65.004
'AlternateSuccession(Feedback, Query)';'AlternateSuccession';'Feedback';'Query';13.878;12.965;12.965
'ChainSuccession(Feedback, Query)';'ChainSuccession';'Feedback';'Query';4.235;3.957;3.957
'RespondedExistence(Feedback, Query)';'RespondedExistence';'Feedback';'Query';94.442;94.442;88.227
'Response(Feedback, Query)';'Response';'Feedback';'Query';67.373;67.373;62.940
'AlternateResponse(Feedback, Query)';'AlternateResponse';'Feedback';'Query';7.720;7.720;7.212
'ChainResponse(Feedback, Query)';'ChainResponse';'Feedback';'Query';2.356;2.356;2.201
'NotChainSuccession(Feedback, Query)';'NotChainSuccession';'Feedback';'Query';95.765;89.463;89.463
'NotSuccession(Feedback, Query)';'NotSuccession';'Feedback';'Query';30.418;28.416;28.416
'NotCoExistence(Feedback, Query)';'NotCoExistence';'Feedback';'Query';4.996;4.668;4.668
'CoExistence(Feedback, Response)';'CoExistence';'Feedback';'Response';89.971;77.897;77.897
'Succession(Feedback, Response)';'Succession';'Feedback';'Response';64.897;56.188;56.188
'AlternateSuccession(Feedback, Response)';'AlternateSuccession';'Feedback';'Response';10.916;9.451;9.451
'ChainSuccession(Feedback, Response)';'ChainSuccession';'Feedback';'Response';0.758;0.656;0.656
'RespondedExistence(Feedback, Response)';'RespondedExistence';'Feedback';'Response';89.007;89.007;77.062
'Response(Feedback, Response)';'Response';'Feedback';'Response';62.262;62.262;53.906
'AlternateResponse(Feedback, Response)';'AlternateResponse';'Feedback';'Response';5.982;5.982;5.180
'ChainResponse(Feedback, Response)';'ChainResponse';'Feedback';'Response';0.415;0.415;0.360
'NotChainSuccession(Feedback, Response)';'NotChainSuccession';'Feedback';'Response';99.242;85.924;85.924
'NotSuccession(Feedback, Response)';'NotSuccession';'Feedback';'Response';35.103;30.392;30.392
'NotCoExistence(Feedback, Response)';'NotCoExistence';'Feedback';'Response';10.029;8.683;8.683
'CoExistence(Feedback, Statement)';'CoExistence';'Feedback';'Statement';100.000;100.000;100.000
'Succession(Feedback, Statement)';'Succession';'Feedback';'Statement';98.014;98.014;98.014
'AlternateSuccession(Feedback, Statement)';'AlternateSuccession';'Feedback';'Statement';54.103;54.103;54.103
'ChainSuccession(Feedback, Statement)';'ChainSuccession';'Feedback';'Statement';45.876;45.876;45.876
'RespondedExistence(Feedback, Statement)';'RespondedExistence';'Feedback';'Statement';100.000;100.000;100.000
'Response(Feedback, Statement)';'Response';'Feedback';'Statement';99.016;99.016;99.016
'AlternateResponse(Feedback, Statement)';'AlternateResponse';'Feedback';'Statement';81.939;81.939;81.939
'ChainResponse(Feedback, Statement)';'ChainResponse';'Feedback';'Statement';69.480;69.480;69.480
'NotChainSuccession(Feedback, Statement)';'NotChainSuccession';'Feedback';'Statement';54.124;54.124;54.124
'NotSuccession(Feedback, Statement)';'NotSuccession';'Feedback';'Statement';1.986;1.986;1.986
'NotCoExistence(Feedback, Statement)';'NotCoExistence';'Feedback';'Statement';0.000;0.000;0.000
'Precedence(Query, Feedback)';'Precedence';'Feedback';'Query';84.083;78.551;78.551
'AlternatePrecedence(Query, Feedback)';'AlternatePrecedence';'Feedback';'Query';8.432;7.877;7.877
'ChainPrecedence(Query, Feedback)';'ChainPrecedence';'Feedback';'Query';0.339;0.317;0.317
'Precedence(Response, Feedback)';'Precedence';'Feedback';'Response';71.753;62.123;62.123
'AlternatePrecedence(Response, Feedback)';'AlternatePrecedence';'Feedback';'Response';6.306;5.460;5.460
'ChainPrecedence(Response, Feedback)';'ChainPrecedence';'Feedback';'Response';1.479;1.281;1.281
'Precedence(Statement, Feedback)';'Precedence';'Feedback';'Statement';99.321;99.321;99.321
'AlternatePrecedence(Statement, Feedback)';'AlternatePrecedence';'Feedback';'Statement';82.088;82.088;82.088
'ChainPrecedence(Statement, Feedback)';'ChainPrecedence';'Feedback';'Statement';73.283;73.283;73.283
'AtMostOne(Query)';'AtMostOne';'Query';'';17.316;16.177;15.112
'End(Query)';'End';'Query';'';1.212;1.132;1.058
'Init(Query)';'Init';'Query';'';16.017;14.963;13.979
'Participation(Query)';'Participation';'Query';'';93.420;87.273;81.530
'Precedence(, Query)';'Precedence';'Query';'';95.632;95.632;89.340
'AlternatePrecedence(, Query)';'AlternatePrecedence';'Query';'';79.466;79.466;74.237
'ChainPrecedence(, Query)';'ChainPrecedence';'Query';'';27.447;27.447;25.641
'Precedence(Bye, Query)';'Precedence';'Query';'Bye';0.597;0.167;0.156
'AlternatePrecedence(Bye, Query)';'AlternatePrecedence';'Query';'Bye';0.314;0.088;0.082
'ChainPrecedence(Bye, Query)';'ChainPrecedence';'Query';'Bye';0.141;0.040;0.037
'Precedence(Feedback, Query)';'Precedence';'Query';'Feedback';89.222;89.222;83.351
'AlternatePrecedence(Feedback, Query)';'AlternatePrecedence';'Query';'Feedback';68.625;68.625;64.110
'ChainPrecedence(Feedback, Query)';'ChainPrecedence';'Query';'Feedback';20.943;20.943;19.565
'CoExistence(Query, )';'CoExistence';'Query';'';96.588;90.233;90.233
'Succession(Query, )';'Succession';'Query';'';86.361;80.678;80.678
'AlternateSuccession(Query, )';'AlternateSuccession';'Query';'';24.697;23.072;23.072
'ChainSuccession(Query, )';'ChainSuccession';'Query';'';12.235;11.430;11.430
'RespondedExistence(Query, )';'RespondedExistence';'Query';'';100.000;93.420;93.420
'Response(Query, )';'Response';'Query';'';98.963;92.451;92.451
'AlternateResponse(Query, )';'AlternateResponse';'Query';'';82.231;76.820;76.820
'ChainResponse(Query, )';'ChainResponse';'Query';'';40.738;38.058;38.058
'NotChainSuccession(Query, )';'NotChainSuccession';'Query';'';87.765;81.990;81.990
'NotSuccession(Query, )';'NotSuccession';'Query';'';13.639;12.742;12.742
'NotCoExistence(Query, )';'NotCoExistence';'Query';'';3.412;3.187;3.187
'CoExistence(Query, Bye)';'CoExistence';'Query';'Bye';44.760;12.517;11.694
'Succession(Query, Bye)';'Succession';'Query';'Bye';44.646;12.485;11.664
'AlternateSuccession(Query, Bye)';'AlternateSuccession';'Query';'Bye';7.184;2.009;1.877
'ChainSuccession(Query, Bye)';'ChainSuccession';'Query';'Bye';0.023;0.006;0.006
'RespondedExistence(Query, Bye)';'RespondedExistence';'Query';'Bye';26.064;24.349;6.809
'Response(Query, Bye)';'Response';'Query';'Bye';25.954;24.247;6.781
'AlternateResponse(Query, Bye)';'AlternateResponse';'Query';'Bye';4.949;4.623;1.293
'ChainResponse(Query, Bye)';'ChainResponse';'Query';'Bye';0.016;0.015;0.004
'NotChainSuccession(Query, Bye)';'NotChainSuccession';'Query';'Bye';99.977;27.959;26.119
'NotSuccession(Query, Bye)';'NotSuccession';'Query';'Bye';55.354;15.480;14.461
'NotCoExistence(Query, Bye)';'NotCoExistence';'Query';'Bye';55.240;15.448;14.432
'CoExistence(Query, Feedback)';'CoExistence';'Query';'Feedback';95.004;88.752;88.752
'Succession(Query, Feedback)';'Succession';'Query';'Feedback';85.488;79.863;79.863
'AlternateSuccession(Query, Feedback)';'AlternateSuccession';'Query';'Feedback';15.159;14.161;14.161
'ChainSuccession(Query, Feedback)';'ChainSuccession';'Query';'Feedback';0.610;0.570;0.570
'RespondedExistence(Query, Feedback)';'RespondedExistence';'Query';'Feedback';100.000;93.420;93.420
'Response(Query, Feedback)';'Response';'Query';'Feedback';97.973;91.527;91.527
'AlternateResponse(Query, Feedback)';'AlternateResponse';'Query';'Feedback';74.957;70.025;70.025
'ChainResponse(Query, Feedback)';'ChainResponse';'Query';'Feedback';3.016;2.818;2.818
'NotChainSuccession(Query, Feedback)';'NotChainSuccession';'Query';'Feedback';99.390;92.850;92.850
'NotSuccession(Query, Feedback)';'NotSuccession';'Query';'Feedback';14.512;13.557;13.557
'NotCoExistence(Query, Feedback)';'NotCoExistence';'Query';'Feedback';4.996;4.668;4.668
'CoExistence(Query, Response)';'CoExistence';'Query';'Response';97.298;84.240;78.697
'Succession(Query, Response)';'Succession';'Query';'Response';89.105;77.148;72.071
'AlternateSuccession(Query, Response)';'AlternateSuccession';'Query';'Response';50.000;43.290;40.442
'ChainSuccession(Query, Response)';'ChainSuccession';'Query';'Response';21.162;18.322;17.117
'RespondedExistence(Query, Response)';'RespondedExistence';'Query';'Response';95.947;89.633;77.605
'Response(Query, Response)';'Response';'Query';'Response';84.839;79.256;68.620
'AlternateResponse(Query, Response)';'AlternateResponse';'Query';'Response';46.363;43.312;37.500
'ChainResponse(Query, Response)';'ChainResponse';'Query';'Response';19.623;18.332;15.872
'NotChainSuccession(Query, Response)';'NotChainSuccession';'Query';'Response';78.838;68.258;63.766
'NotSuccession(Query, Response)';'NotSuccession';'Query';'Response';10.895;9.433;8.812
'NotCoExistence(Query, Response)';'NotCoExistence';'Query';'Response';2.702;2.340;2.186
'CoExistence(Query, Statement)';'CoExistence';'Query';'Statement';94.964;88.715;88.715
'Succession(Query, Statement)';'Succession';'Query';'Statement';84.935;79.346;79.346
'AlternateSuccession(Query, Statement)';'AlternateSuccession';'Query';'Statement';8.882;8.297;8.297
'ChainSuccession(Query, Statement)';'ChainSuccession';'Query';'Statement';3.120;2.914;2.914
'RespondedExistence(Query, Statement)';'RespondedExistence';'Query';'Statement';100.000;93.420;93.420
'Response(Query, Statement)';'Response';'Query';'Statement';99.010;92.495;92.495
'AlternateResponse(Query, Statement)';'AlternateResponse';'Query';'Statement';84.540;78.978;78.978
'ChainResponse(Query, Statement)';'ChainResponse';'Query';'Statement';29.694;27.740;27.740
'NotChainSuccession(Query, Statement)';'NotChainSuccession';'Query';'Statement';96.880;90.506;90.506
'NotSuccession(Query, Statement)';'NotSuccession';'Query';'Statement';15.065;14.074;14.074
'NotCoExistence(Query, Statement)';'NotCoExistence';'Query';'Statement';5.036;4.704;4.704
'Precedence(Response, Query)';'Precedence';'Query';'Response';70.888;61.375;57.336
'AlternatePrecedence(Response, Query)';'AlternatePrecedence';'Query';'Response';39.309;34.034;31.794
'ChainPrecedence(Response, Query)';'ChainPrecedence';'Query';'Response';4.760;4.122;3.850
'Precedence(Statement, Query)';'Precedence';'Query';'Statement';91.123;91.123;85.127
'AlternatePrecedence(Statement, Query)';'AlternatePrecedence';'Query';'Statement';77.989;77.989;72.857
'ChainPrecedence(Statement, Query)';'ChainPrecedence';'Query';'Statement';37.109;37.109;34.667
'AtMostOne(Response)';'AtMostOne';'Response';'';24.848;21.514;18.627
'End(Response)';'End';'Response';'';0.779;0.675;0.584
'Init(Response)';'Init';'Response';'';0.519;0.450;0.389
'Participation(Response)';'Participation';'Response';'';86.580;74.961;64.901
'Precedence(, Response)';'Precedence';'Response';'';98.161;98.161;84.988
'AlternatePrecedence(, Response)';'AlternatePrecedence';'Response';'';71.686;71.686;62.066
'ChainPrecedence(, Response)';'ChainPrecedence';'Response';'';40.835;40.835;35.355
'Precedence(Bye, Response)';'Precedence';'Response';'Bye';0.625;0.175;0.151
'AlternatePrecedence(Bye, Response)';'AlternatePrecedence';'Response';'Bye';0.257;0.072;0.062
'ChainPrecedence(Bye, Response)';'ChainPrecedence';'Response';'Bye';0.000;0.000;0.000
'Precedence(Feedback, Response)';'Precedence';'Response';'Feedback';92.315;92.315;79.926
'AlternatePrecedence(Feedback, Response)';'AlternatePrecedence';'Response';'Feedback';62.236;62.236;53.884
'ChainPrecedence(Feedback, Response)';'ChainPrecedence';'Response';'Feedback';4.321;4.321;3.741
'Precedence(Query, Response)';'Precedence';'Response';'Query';94.098;87.906;76.109
'AlternatePrecedence(Query, Response)';'AlternatePrecedence';'Response';'Query';54.256;50.686;43.884
'ChainPrecedence(Query, Response)';'ChainPrecedence';'Response';'Query';22.964;21.453;18.574
'CoExistence(Response, )';'CoExistence';'Response';'';92.639;80.207;80.207
'Succession(Response, )';'Succession';'Response';'';75.052;64.980;64.980
'AlternateSuccession(Response, )';'AlternateSuccession';'Response';'';18.703;16.193;16.193
'ChainSuccession(Response, )';'ChainSuccession';'Response';'';6.059;5.246;5.246
'RespondedExistence(Response, )';'RespondedExistence';'Response';'';100.000;86.580;86.580
'Response(Response, )';'Response';'Response';'';97.904;84.765;84.765
'AlternateResponse(Response, )';'AlternateResponse';'Response';'';71.281;61.716;61.716
'ChainResponse(Response, )';'ChainResponse';'Response';'';23.092;19.993;19.993
'NotChainSuccession(Response, )';'NotChainSuccession';'Response';'';93.941;81.334;81.334
'NotSuccession(Response, )';'NotSuccession';'Response';'';24.948;21.600;21.600
'NotCoExistence(Response, )';'NotCoExistence';'Response';'';7.361;6.374;6.374
'CoExistence(Response, Bye)';'CoExistence';'Response';'Bye';45.965;12.854;11.129
'Succession(Response, Bye)';'Succession';'Response';'Bye';45.863;12.826;11.104
'AlternateSuccession(Response, Bye)';'AlternateSuccession';'Response';'Bye';7.523;2.104;1.821
'ChainSuccession(Response, Bye)';'ChainSuccession';'Response';'Bye';0.230;0.064;0.056
'RespondedExistence(Response, Bye)';'RespondedExistence';'Response';'Bye';26.880;23.273;6.508
'Response(Response, Bye)';'Response';'Response';'Bye';26.788;23.193;6.486
'AlternateResponse(Response, Bye)';'AlternateResponse';'Response';'Bye';5.424;4.696;1.313
'ChainResponse(Response, Bye)';'ChainResponse';'Response';'Bye';0.165;0.143;0.040
'NotChainSuccession(Response, Bye)';'NotChainSuccession';'Response';'Bye';99.770;27.901;24.157
'NotSuccession(Response, Bye)';'NotSuccession';'Response';'Bye';54.137;15.140;13.108
'NotCoExistence(Response, Bye)';'NotCoExistence';'Response';'Bye';54.035;15.111;13.083
'CoExistence(Response, Feedback)';'CoExistence';'Response';'Feedback';89.971;77.897;77.897
'Succession(Response, Feedback)';'Succession';'Response';'Feedback';74.038;64.102;64.102
'AlternateSuccession(Response, Feedback)';'AlternateSuccession';'Response';'Feedback';11.506;9.962;9.962
'ChainSuccession(Response, Feedback)';'ChainSuccession';'Response';'Feedback';2.699;2.337;2.337
'RespondedExistence(Response, Feedback)';'RespondedExistence';'Response';'Feedback';100.000;86.580;86.580
'Response(Response, Feedback)';'Response';'Response';'Feedback';97.812;84.686;84.686
'AlternateResponse(Response, Feedback)';'AlternateResponse';'Response';'Feedback';65.600;56.797;56.797
'ChainResponse(Response, Feedback)';'ChainResponse';'Response';'Feedback';15.389;13.324;13.324
'NotChainSuccession(Response, Feedback)';'NotChainSuccession';'Response';'Feedback';97.301;84.243;84.243
'NotSuccession(Response, Feedback)';'NotSuccession';'Response';'Feedback';25.962;22.478;22.478
'NotCoExistence(Response, Feedback)';'NotCoExistence';'Response';'Feedback';10.029;8.683;8.683
'CoExistence(Response, Query)';'CoExistence';'Response';'Query';97.298;84.240;78.697
'Succession(Response, Query)';'Succession';'Response';'Query';74.407;64.422;60.183
'AlternateSuccession(Response, Query)';'AlternateSuccession';'Response';'Query';42.392;36.703;34.288
'ChainSuccession(Response, Query)';'ChainSuccession';'Response';'Query';5.134;4.445;4.152
'RespondedExistence(Response, Query)';'RespondedExistence';'Response';'Query';98.878;85.609;79.976
'Response(Response, Query)';'Response';'Response';'Query';78.525;67.987;63.514
'AlternateResponse(Response, Query)';'AlternateResponse';'Response';'Query';46.001;39.828;37.207
'ChainResponse(Response, Query)';'ChainResponse';'Response';'Query';5.571;4.823;4.506
'NotChainSuccession(Response, Query)';'NotChainSuccession';'Response';'Query';94.866;82.135;76.731
'NotSuccession(Response, Query)';'NotSuccession';'Response';'Query';25.593;22.158;20.700
'NotCoExistence(Response, Query)';'NotCoExistence';'Response';'Query';2.702;2.340;2.186
'CoExistence(Response, Statement)';'CoExistence';'Response';'Statement';89.496;77.486;77.486
'Succession(Response, Statement)';'Succession';'Response';'Statement';72.225;62.533;62.533
'AlternateSuccession(Response, Statement)';'AlternateSuccession';'Response';'Statement';6.355;5.502;5.502
'ChainSuccession(Response, Statement)';'ChainSuccession';'Response';'Statement';3.127;2.707;2.707
'RespondedExistence(Response, Statement)';'RespondedExistence';'Response';'Statement';100.000;86.580;86.580
'Response(Response, Statement)';'Response';'Response';'Statement';98.860;85.593;85.593
'AlternateResponse(Response, Statement)';'AlternateResponse';'Response';'Statement';70.252;60.824;60.824
'ChainResponse(Response, Statement)';'ChainResponse';'Response';'Statement';34.565;29.927;29.927
'NotChainSuccession(Response, Statement)';'NotChainSuccession';'Response';'Statement';96.873;83.873;83.873
'NotSuccession(Response, Statement)';'NotSuccession';'Response';'Statement';27.775;24.048;24.048
'NotCoExistence(Response, Statement)';'NotCoExistence';'Response';'Statement';10.504;9.094;9.094
'Precedence(Statement, Response)';'Precedence';'Response';'Statement';94.153;94.153;81.518
'AlternatePrecedence(Statement, Response)';'AlternatePrecedence';'Response';'Statement';67.384;67.384;58.341
'ChainPrecedence(Statement, Response)';'ChainPrecedence';'Response';'Statement';10.719;10.719;9.280
'AtMostOne(Statement)';'AtMostOne';'Statement';'';0.000;0.000;0.000
'End(Statement)';'End';'Statement';'';40.173;40.173;40.173
'Init(Statement)';'Init';'Statement';'';12.900;12.900;12.900
'Participation(Statement)';'Participation';'Statement';'';100.000;100.000;100.000
'Precedence(, Statement)';'Precedence';'Statement';'';98.896;98.896;98.896
'AlternatePrecedence(, Statement)';'AlternatePrecedence';'Statement';'';20.042;20.042;20.042
'ChainPrecedence(, Statement)';'ChainPrecedence';'Statement';'';14.222;14.222;14.222
'Precedence(Bye, Statement)';'Precedence';'Statement';'Bye';0.317;0.089;0.089
'AlternatePrecedence(Bye, Statement)';'AlternatePrecedence';'Statement';'Bye';0.085;0.024;0.024
'ChainPrecedence(Bye, Statement)';'ChainPrecedence';'Statement';'Bye';0.061;0.017;0.017
'Precedence(Feedback, Statement)';'Precedence';'Statement';'Feedback';97.521;97.521;97.521
'AlternatePrecedence(Feedback, Statement)';'AlternatePrecedence';'Statement';'Feedback';40.384;40.384;40.384
'ChainPrecedence(Feedback, Statement)';'ChainPrecedence';'Statement';'Feedback';34.243;34.243;34.243
'Precedence(Query, Statement)';'Precedence';'Statement';'Query';84.154;78.617;78.617
'AlternatePrecedence(Query, Statement)';'AlternatePrecedence';'Statement';'Query';4.687;4.379;4.379
'ChainPrecedence(Query, Statement)';'ChainPrecedence';'Statement';'Query';1.646;1.538;1.538
'Precedence(Response, Statement)';'Precedence';'Statement';'Response';70.963;61.440;61.440
'AlternatePrecedence(Response, Statement)';'AlternatePrecedence';'Statement';'Response';3.328;2.882;2.882
'ChainPrecedence(Response, Statement)';'ChainPrecedence';'Statement';'Response';1.638;1.418;1.418
'CoExistence(Statement, )';'CoExistence';'Statement';'';100.000;100.000;100.000
'Succession(Statement, )';'Succession';'Statement';'';96.253;96.253;96.253
'AlternateSuccession(Statement, )';'AlternateSuccession';'Statement';'';29.997;29.997;29.997
'ChainSuccession(Statement, )';'ChainSuccession';'Statement';'';19.389;19.389;19.389
'RespondedExistence(Statement, )';'RespondedExistence';'Statement';'';100.000;100.000;100.000
'Response(Statement, )';'Response';'Statement';'';96.834;96.834;96.834
'AlternateResponse(Statement, )';'AlternateResponse';'Statement';'';19.705;19.705;19.705
'ChainResponse(Statement, )';'ChainResponse';'Statement';'';12.736;12.736;12.736
'NotChainSuccession(Statement, )';'NotChainSuccession';'Statement';'';80.611;80.611;80.611
'NotSuccession(Statement, )';'NotSuccession';'Statement';'';3.747;3.747;3.747
'NotCoExistence(Statement, )';'NotCoExistence';'Statement';'';0.000;0.000;0.000
'CoExistence(Statement, Bye)';'CoExistence';'Statement';'Bye';29.956;8.377;8.377
'Succession(Statement, Bye)';'Succession';'Statement';'Bye';29.911;8.365;8.365
'AlternateSuccession(Statement, Bye)';'AlternateSuccession';'Statement';'Bye';0.712;0.199;0.199
'ChainSuccession(Statement, Bye)';'ChainSuccession';'Statement';'Bye';0.229;0.064;0.064
'RespondedExistence(Statement, Bye)';'RespondedExistence';'Statement';'Bye';28.490;28.490;7.967
'Response(Statement, Bye)';'Response';'Statement';'Bye';28.445;28.445;7.955
'AlternateResponse(Statement, Bye)';'AlternateResponse';'Statement';'Bye';0.363;0.363;0.102
'ChainResponse(Statement, Bye)';'ChainResponse';'Statement';'Bye';0.117;0.117;0.033
'NotChainSuccession(Statement, Bye)';'NotChainSuccession';'Statement';'Bye';99.771;27.901;27.901
'NotSuccession(Statement, Bye)';'NotSuccession';'Statement';'Bye';70.089;19.601;19.601
'NotCoExistence(Statement, Bye)';'NotCoExistence';'Statement';'Bye';70.044;19.588;19.588
'CoExistence(Statement, Feedback)';'CoExistence';'Statement';'Feedback';100.000;100.000;100.000
'Succession(Statement, Feedback)';'Succession';'Statement';'Feedback';98.639;98.639;98.639
'AlternateSuccession(Statement, Feedback)';'AlternateSuccession';'Statement';'Feedback';54.201;54.201;54.201
'ChainSuccession(Statement, Feedback)';'ChainSuccession';'Statement';'Feedback';48.387;48.387;48.387
'RespondedExistence(Statement, Feedback)';'RespondedExistence';'Statement';'Feedback';100.000;100.000;100.000
'Response(Statement, Feedback)';'Response';'Statement';'Feedback';98.302;98.302;98.302
'AlternateResponse(Statement, Feedback)';'AlternateResponse';'Statement';'Feedback';40.457;40.457;40.457
'ChainResponse(Statement, Feedback)';'ChainResponse';'Statement';'Feedback';36.117;36.117;36.117
'NotChainSuccession(Statement, Feedback)';'NotChainSuccession';'Statement';'Feedback';51.613;51.613;51.613
'NotSuccession(Statement, Feedback)';'NotSuccession';'Statement';'Feedback';1.361;1.361;1.361
'NotCoExistence(Statement, Feedback)';'NotCoExistence';'Statement';'Feedback';0.000;0.000;0.000
'CoExistence(Statement, Query)';'CoExistence';'Statement';'Query';94.964;88.715;88.715
'Succession(Statement, Query)';'Succession';'Statement';'Query';69.573;64.995;64.995
'AlternateSuccession(Statement, Query)';'AlternateSuccession';'Statement';'Query';8.193;7.654;7.654
'ChainSuccession(Statement, Query)';'ChainSuccession';'Statement';'Query';3.899;3.642;3.642
'RespondedExistence(Statement, Query)';'RespondedExistence';'Statement';'Query';94.685;94.685;88.455
'Response(Statement, Query)';'Response';'Statement';'Query';68.378;68.378;63.879
'AlternateResponse(Statement, Query)';'AlternateResponse';'Statement';'Query';4.324;4.324;4.039
'ChainResponse(Statement, Query)';'ChainResponse';'Statement';'Query';2.057;2.057;1.922
'NotChainSuccession(Statement, Query)';'NotChainSuccession';'Statement';'Query';96.101;89.778;89.778
'NotSuccession(Statement, Query)';'NotSuccession';'Statement';'Query';30.427;28.425;28.425
'NotCoExistence(Statement, Query)';'NotCoExistence';'Statement';'Query';5.036;4.704;4.704
'CoExistence(Statement, Response)';'CoExistence';'Statement';'Response';89.496;77.486;77.486
'Succession(Statement, Response)';'Succession';'Statement';'Response';65.012;56.288;56.288
'AlternateSuccession(Statement, Response)';'AlternateSuccession';'Statement';'Response';6.096;5.278;5.278
'ChainSuccession(Statement, Response)';'ChainSuccession';'Statement';'Response';0.970;0.840;0.840
'RespondedExistence(Statement, Response)';'RespondedExistence';'Statement';'Response';88.999;88.999;77.055
'Response(Statement, Response)';'Response';'Statement';'Response';63.632;63.632;55.092
'AlternateResponse(Statement, Response)';'AlternateResponse';'Statement';'Response';3.192;3.192;2.764
'ChainResponse(Statement, Response)';'ChainResponse';'Statement';'Response';0.508;0.508;0.440
'NotChainSuccession(Statement, Response)';'NotChainSuccession';'Statement';'Response';99.030;85.741;85.741
'NotSuccession(Statement, Response)';'NotSuccession';'Statement';'Response';34.988;30.292;30.292
'NotCoExistence(Statement, Response)';'NotCoExistence';'Statement';'Response';10.504;9.094;9.094
